betId,customerId,stake,legs
B001,C001,10.00,M001:HOME:2.50
B002,C002,5.00,M001:DRAW:3.40
B003,C001,20.00,M002:AWAY:1.80
B004,C003,15.00,M003:YES:1.90
B005,C002,8.00,M004:HOME:2.20
B006,C003,10.00,M999:HOME:2.00
B007,C001,10.00,M001:YES:2.00
B008,C002,0.00,M001:HOME:2.50
B009,C004,10.00,M002:HOME:0.90
B016,C001,10.00,M001:HOME:1.00
B010,C001,10.00,M001:HOME:2.50|M002:AWAY:1.80
B011,C002,5.00,M001:HOME:2.50|M002:HOME:3.10
B012,C003,10.00,M001:HOME:2.50|M003:YES:1.90
B013,C004,20.00,M001:HOME:2.50|M004:HOME:2.20
B014,C002,12.00,M003:YES:1.90|M005:HOME:2.40
B015,C004,10.00,M001:HOME:1.33|M002:AWAY:1.33|M006:HOME:1.33
